<?xml version="1.0" encoding="utf-8"?>
<!--/1857236/1130953/2.50/4/4/Switch/-->
<quadcept_library>
  <setting unit="mil" />
  <textstyle name="Default" height="47.244094488189" strokewidth="7.8740157480315" charwidth="47.244094488189" />
  <textstyle name="Dimension" height="19.6850393700787" strokewidth="0" charwidth="19.6850393700787" />
  <textstyle name="H127W0635TH00762" height="50" strokewidth="3" charwidth="25" />
  <textstyle name="H15W15TH02" height="59.0551181102362" strokewidth="7.8740157480315" charwidth="59.0551181102362" />
  <padstyle name="c195_h130" surface="False" plated="True" isvia="False" nopaste="True" nomask="True" complex="False" holesize="51.181102362204">
    <padshape layer="TOP" shape="round" width="76.771653543306" height="76.771653543306" />
    <padshape layer="TOP_SOLDER_MASK" shape="round" width="84.645669291338" height="84.645669291338" />
    <padshape layer="INNER" shape="round" width="76.771653543306" height="76.771653543306" />
    <padshape layer="BOTTOM" shape="round" width="76.771653543306" height="76.771653543306" />
    <padshape layer="BOTTOM_SOLDER_MASK" shape="round" width="84.645669291338" height="84.645669291338" />
  </padstyle>
  <footprint name="TVGP01G73BB" originx="0" originy="0" pickpointx="0" pickpointy="0">
    <pcbpin number="1" name="1" style="c195_h130" originx="0" originy="0" rotation="90" />
    <pcbpin number="2" name="2" style="c195_h130" originx="492.12598425196" originy="0" rotation="90" />
    <pcbpin number="3" name="3" style="c195_h130" originx="0" originy="-196.85039370078" rotation="90" />
    <pcbpin number="4" name="4" style="c195_h130" originx="492.12598425196" originy="-196.85039370078" rotation="90" />
    <line layer="TOP_ASSEMBLY" originx="9.8425196850392" originy="137.79527559055" endx="482.28346456692" endy="137.79527559055" width="7.8740157480314" />
    <line layer="TOP_ASSEMBLY" originx="482.28346456692" originy="137.79527559055" endx="482.28346456692" endy="-334.64566929133" width="7.8740157480314" />
    <line layer="TOP_ASSEMBLY" originx="482.28346456692" originy="-334.64566929133" endx="9.8425196850392" endy="-334.64566929133" width="7.8740157480314" />
    <line layer="TOP_ASSEMBLY" originx="9.8425196850392" originy="-334.64566929133" endx="9.8425196850392" endy="137.79527559055" width="7.8740157480314" />
    <line layer="TOP_PLACE_BOUND" originx="-77.75590551181" originy="177.16535433071" endx="569.88188976377" endy="177.16535433071" width="3.9370078740157" />
    <line layer="TOP_PLACE_BOUND" originx="569.88188976377" originy="177.16535433071" endx="569.88188976377" endy="-374.01574803149" width="3.9370078740157" />
    <line layer="TOP_PLACE_BOUND" originx="569.88188976377" originy="-374.01574803149" endx="-77.75590551181" endy="-374.01574803149" width="3.9370078740157" />
    <line layer="TOP_PLACE_BOUND" originx="-77.75590551181" originy="-374.01574803149" endx="-77.75590551181" endy="177.16535433071" width="3.9370078740157" />
    <line layer="TOP_SILKSCREEN" originx="9.8425196850392" originy="59.055118110235" endx="9.8425196850392" endy="137.79527559055" width="3.9370078740157" />
    <line layer="TOP_SILKSCREEN" originx="9.8425196850392" originy="137.79527559055" endx="482.28346456692" endy="137.79527559055" width="3.9370078740157" />
    <line layer="TOP_SILKSCREEN" originx="482.28346456692" originy="137.79527559055" endx="482.28346456692" endy="59.055118110235" width="3.9370078740157" />
    <line layer="TOP_SILKSCREEN" originx="9.8425196850392" originy="-255.90551181102" endx="9.8425196850392" endy="-334.64566929133" width="3.9370078740157" />
    <line layer="TOP_SILKSCREEN" originx="9.8425196850392" originy="-334.64566929133" endx="482.28346456692" endy="-334.64566929133" width="3.9370078740157" />
    <line layer="TOP_SILKSCREEN" originx="482.28346456692" originy="-334.64566929133" endx="482.28346456692" endy="-255.90551181102" width="3.9370078740157" />
    <line layer="TOP_SILKSCREEN" originx="-59.055118110235" originy="3.9370078740157" endx="-59.055118110235" endy="3.9370078740157" width="7.8740157480314" />
    <arc layer="TOP_SILKSCREEN" originx="-59.055118110235" originy="0" startangle="90.0" sweepangle="180.0" radius="3.9370078740157" width="7.8740157480314" />
    <line layer="TOP_SILKSCREEN" originx="-59.055118110235" originy="-3.9370078740157" endx="-59.055118110235" endy="-3.9370078740157" width="7.8740157480314" />
    <arc layer="TOP_SILKSCREEN" originx="-59.055118110235" originy="0" startangle="-90.0" sweepangle="180.0" radius="3.9370078740157" width="7.8740157480314" />
  </footprint>
  <symbol name="TVGP01-G73BB" originx="0" originy="0">
    <line originx="200" originy="100" endx="1000" endy="100" width="0" />
    <line originx="1000" originy="-200" endx="1000" endy="100" width="0" />
    <line originx="1000" originy="-200" endx="200" endy="-200" width="0" />
    <line originx="200" originy="100" endx="200" endy="-200" width="0" />
    <sympin number="1" originx="200" originy="0" rotation="180" length="100" width="7.8740157480315" flipped="False">
      <text name="pinname" originx="230" originy="0" style="Default" rotation="0" justify="left" flipped="False" hidden="False" data="COM_1" />
      <text name="pindes" originx="140" originy="20" style="Default" rotation="0" justify="lowerright" flipped="False" hidden="False" data="1" />
    </sympin>
    <sympin number="2" originx="1000" originy="0" rotation="0" length="100" width="7.8740157480315" flipped="False">
      <text name="pinname" originx="970" originy="0" style="Default" rotation="0" justify="right" flipped="False" hidden="False" data="COM_2" />
      <text name="pindes" originx="1060" originy="20" style="Default" rotation="0" justify="lowerleft" flipped="False" hidden="False" data="2" />
    </sympin>
    <sympin number="3" originx="200" originy="-100" rotation="180" length="100" width="7.8740157480315" flipped="False">
      <text name="pinname" originx="230" originy="-100" style="Default" rotation="0" justify="left" flipped="False" hidden="False" data="NO_1" />
      <text name="pindes" originx="140" originy="-80" style="Default" rotation="0" justify="lowerright" flipped="False" hidden="False" data="3" />
    </sympin>
    <sympin number="4" originx="1000" originy="-100" rotation="0" length="100" width="7.8740157480315" flipped="False">
      <text name="pinname" originx="970" originy="-100" style="Default" rotation="0" justify="right" flipped="False" hidden="False" data="NO_2" />
      <text name="pindes" originx="1060" originy="-80" style="Default" rotation="0" justify="lowerleft" flipped="False" hidden="False" data="4" />
    </sympin>
  </symbol>
  <component name="TVGP01-G73BB" designatorprefix="S" height="299.21259842519" footprint="TVGP01G73BB">
    <comppin designator="1" sympin="1" pinswap="0" gateswap="0" gate="1" group="1" side="" type="Any" name="COM_1" />
    <comppin designator="2" sympin="2" pinswap="0" gateswap="0" gate="1" group="1" side="" type="Any" name="COM_2" />
    <comppin designator="3" sympin="3" pinswap="0" gateswap="0" gate="1" group="1" side="" type="Any" name="NO_1" />
    <comppin designator="4" sympin="4" pinswap="0" gateswap="0" gate="1" group="1" side="" type="Any" name="NO_2" />
    <attached_symbol gate="1" name="TVGP01-G73BB" />
    <pinmap designator="1" footprintpin="1" />
    <pinmap designator="2" footprintpin="2" />
    <pinmap designator="3" footprintpin="3" />
    <pinmap designator="4" footprintpin="4" />
    <text name="Datasheet" originx="0" originy="0" style="Default" rotation="0" justify="" flipped="False" hidden="True" data="http://akizukidenshi.com/download/ds/jianfu/TVGP01-G73BB.pdf" />
    <text name="Description" originx="0" originy="0" style="Default" rotation="0" justify="" flipped="False" hidden="True" data="Tactile Switch" />
    <text name="RS Part Number" originx="0" originy="0" style="Default" rotation="0" justify="" flipped="False" hidden="True" data="" />
    <text name="RS Price/Stock" originx="0" originy="0" style="Default" rotation="0" justify="" flipped="False" hidden="True" data="" />
    <text name="Manufacturer_Name" originx="0" originy="0" style="Default" rotation="0" justify="" flipped="False" hidden="True" data="Zhejiang Jianfu Electronics Co., Ltd" />
    <text name="Manufacturer_Part_Number" originx="1050" originy="200" style="Default" rotation="0" justify="left" flipped="False" hidden="False" data="TVGP01-G73BB" />
  </component>
</quadcept_library>
